model,mae_cv,rmse_cv
rf_default,11.459442160470328,24.443992167526858
rf_tuned,11.553922225502903,24.361671575104953
et_tuned,11.612199504107256,24.763153364652908
et_default,11.654467849892146,24.98987201192176
gbr_tuned,11.780068899876321,25.172871274219336
gbr_default,12.14866688099698,25.876620840836388
