model,mae_cv,rmse_cv
rf_default,11.5659263629827,24.556597223946266
rf_tuned,11.609870131431082,24.43256439532526
et_tuned,11.70958201123529,24.8004578957778
et_default,11.785948436112166,25.154818555470804
gbr_tuned,11.858559872620546,25.338708145541737
gbr_default,12.246264894634802,25.855227884544043
