model,mae_cv,rmse_cv
rf_tuned,12.714049188739233,26.161572299792798
rf_default,12.958565396734764,26.693641805922635
gbr_default,13.435555787288054,27.39880886148302
et_default,13.588000642367723,27.873445238454817
