airport,n_alerts,mean_duration,median_duration,max_duration,mean_n_lightnings
Ajaccio,530,28.516163522012576,8.383333333333333,400.1166666666667,20.088679245283018
Bastia,532,32.18063909774436,10.141666666666666,497.78333333333336,25.830827067669173
Biarritz,590,25.64,7.066666666666666,387.56666666666666,16.798305084745763
Nantes,206,27.863268608414238,8.766666666666666,381.53333333333336,21.25242718446602
Pise,769,33.10409622886866,11.3,578.7166666666667,23.304291287386217
