model,runtime_s,runtime_share_pct
rf_default,44.62571500201011,5.750306242377967
rf_tuned,466.7354388470121,60.14181974272237
linear_baseline,204.07617287599714,26.296508431441215
mlp_dense,43.10187528500683,5.553949835838088
