model,mae_min,rmse_min,runtime_s
rf_default,4.498800057870372,16.958411700380047,44.62571500201011
rf_tuned,4.548378449943768,16.80823630292744,466.7354388470121
linear_baseline,17.65993983717198,32.77030699951027,204.07617287599714
mlp_dense,33.78368961240025,44.65144785891523,43.10187528500683
